id,name,email
37,John Doe,john.doe@example.com
38,Jane Smith,jane.smith@example.com
20,Updated User,updated.email@example.com
40,Alice Wonderland,alice.wonderland@example.com
1,New User,new.user@example.com
5,Alice Johnson,new.email@example.com
10,Jane Doe,jane.doe@example.com
13,Jane Doe,jane.doe@example.com
16,Jane Doe,jane.doe@example.com
19,Jane Doe,jane.doe@example.com
22,Jane Doe,jane.doe@example.com
25,Jane Doe,jane.doe@example.com
28,Jane Doe,jane.doe@example.com
31,Jane Doe,jane.doe@example.com
34,Jane Doe,jane.doe@example.com
4,Updated Name,jane.doe@example.com
41,John Doe,john.doe@example.com
42,Jane Smith,jane.smith@example.com
43,Alice Wonderland,alice.wonderland@example.com
44,John Doe,john.doe@example.com
45,Jane Smith,jane.smith@example.com
46,Alice Wonderland,alice.wonderland@example.com
